Fund Name,P1,P2,P3,P4,P5,Topsis Score,Rank
M1,0.72,0.52,3.2,49.1,13.39,0.5404602095487856,6.0
M2,0.84,0.71,4.6,57.5,15.91,0.4126567805428757,7.0
M3,0.6,0.36,4.9,43.2,12.27,0.7650961551864297,3.0
M4,0.81,0.66,6.8,45.8,13.52,0.7050174899177407,4.0
M5,0.94,0.88,6.3,70.0,19.53,0.3417369124452758,8.0
M6,0.6,0.36,3.3,48.1,13.09,0.6059905477045098,5.0
M7,0.61,0.37,6.5,51.5,14.75,0.7910708362534216,2.0
M8,0.61,0.37,6.8,47.5,13.82,0.8762700385526667,1.0
